157,Aurelia,Scornea,aurelia,f41ccfabd7637dc2b1662c2816844d50,C:\FACULTATE\MAP\lab6_proiect\map224-catalindiana-lab6\src\main\resources\com\example\lab6\data\profile_pictures\13.jpg
140,Alexandru,Bitoleanu,alexandru,055b5daee888802cc2b1e504ef5f923f,C:\FACULTATE\MAP\lab6_proiect\map224-catalindiana-lab6\src\main\resources\com\example\lab6\data\profile_pictures\12.jpg
160,Dan,Popescu,dan3,2da0cd5ed817c7ba0a65caa390222be4,C:\FACULTATE\MAP\lab6_proiect\map224-catalindiana-lab6\src\main\resources\com\example\lab6\data\profile_pictures\15.jpg
164,Dan,Jianu,dan7,afef737d9b0da9487e78b622dda89ad0,C:\FACULTATE\MAP\lab6_proiect\map224-catalindiana-lab6\src\main\resources\com\example\lab6\data\profile_pictures\3.jpg
144,Denisa,Duma,denisa,87b5e8a416b83285e0f6c131a83ed187,C:\FACULTATE\MAP\lab6_proiect\map224-catalindiana-lab6\src\main\resources\com\example\lab6\data\profile_pictures\5.jpg
147,Traian,Jurca,traian,49794a63fb7bdf2e7e9d2ea6b52ce66a,C:\FACULTATE\MAP\lab6_proiect\map224-catalindiana-lab6\src\main\resources\com\example\lab6\data\profile_pictures\4.jpg
146,Ionel,Florea,ionel,8f196b4063ee6c774a46e973412c60c6,C:\FACULTATE\MAP\lab6_proiect\map224-catalindiana-lab6\src\main\resources\com\example\lab6\data\profile_pictures\2.jpg
10000,test,test,test,098f6bcd4621d373cade4e832627b4f6,C:\FACULTATE\MAP\lab6_proiect\map224-catalindiana-lab6\src\main\resources\com\example\lab6\data\profile_pictures\6.jpg
148,Mihaela,Lascu,mihaela2,e6fee8609696a722544a70e471662cf5,C:\FACULTATE\MAP\lab6_proiect\map224-catalindiana-lab6\src\main\resources\com\example\lab6\data\profile_pictures\10.jpg
3,d,d,d,8277e0910d750195b448797616e091ad,C:\FACULTATE\MAP\lab6_proiect\map224-catalindiana-lab6\src\main\resources\com\example\lab6\data\profile_pictures\8.jpg
133,Nicolae,Badea,nicolae,2c4f5c3801db1f1d7927ed2d94c4c7d4,C:\FACULTATE\MAP\lab6_proiect\map224-catalindiana-lab6\src\main\resources\com\example\lab6\data\profile_pictures\7.jpg
149,Adrian,Munteanu,adrian2,094f6d0cc44552c7deb317af8e76c4a2,C:\FACULTATE\MAP\lab6_proiect\map224-catalindiana-lab6\src\main\resources\com\example\lab6\data\profile_pictures\9.jpg
167,j,j,j,363b122c528f54df4a0446b6bab05515,C:\FACULTATE\MAP\lab6_proiect\map224-catalindiana-lab6\src\main\resources\com\example\lab6\data\profile_pictures\14.jpg
165,g,g,g,b2f5ff47436671b6e533d8dc3614845d,C:\FACULTATE\MAP\lab6_proiect\map224-catalindiana-lab6\src\main\resources\com\example\lab6\data\profile_pictures\1.jpg
151,Tania,Nicoara,tania,a95ff5f2b3f2f118ab7a6fc0132a5951,C:\FACULTATE\MAP\lab6_proiect\map224-catalindiana-lab6\src\main\resources\com\example\lab6\data\profile_pictures\11.jpg
156,Laura,Rab,laura,b510c3fca0a1f79d6494f455f9f34d5f,C:\FACULTATE\MAP\lab6_proiect\map224-catalindiana-lab6\src\main\resources\com\example\lab6\data\profile_pictures\17.jpg
161,Dan,Minister,dan4,32c7c22e7733cc0bbb939c0e1dbe0271,C:\FACULTATE\MAP\lab6_proiect\map224-catalindiana-lab6\src\main\resources\com\example\lab6\data\profile_pictures\20.jpg
135,Octavian,Baltag,octavian,bd4e82be53ece41bea6a279bbd025bb8,C:\FACULTATE\MAP\lab6_proiect\map224-catalindiana-lab6\src\main\resources\com\example\lab6\data\profile_pictures\18.jpg
139,Dan,Bidian,dan2,41355279e24e0b51ff04460858696130,C:\FACULTATE\MAP\lab6_proiect\map224-catalindiana-lab6\src\main\resources\com\example\lab6\data\profile_pictures\19.jpg
153,Bob,Marley,a,0cc175b9c0f1b6a831c399e269772661,C:\FACULTATE\MAP\lab6_proiect\Typemania\Typemania\src\main\resources\com\example\lab6\data\profile_pictures\16.jpg
162,Dan,Chelu,dan5,a7ab28a017a9009d4c150709145178ee,C:\FACULTATE\MAP\lab6_proiect\map224-catalindiana-lab6\src\main\resources\com\example\lab6\data\profile_pictures\default_user_profile.png
132,Ion,Badea,ion,2c4f5c3801db1f1d7927ed2d94c4c7d4,C:\FACULTATE\MAP\lab6_proiect\map224-catalindiana-lab6\src\main\resources\com\example\lab6\data\profile_pictures\default_user_profile.png
138,Paul,Bechet,paul,33e505229966354e2b809ba4e0d2f034,C:\FACULTATE\MAP\lab6_proiect\map224-catalindiana-lab6\src\main\resources\com\example\lab6\data\profile_pictures\default_user_profile.png
137,Maria,Baran,maria,23572d3c988e300453e7cd35542cfd82,C:\FACULTATE\MAP\lab6_proiect\map224-catalindiana-lab6\src\main\resources\com\example\lab6\data\profile_pictures\default_user_profile.png
169,u,u,u,7b774effe4a349c6dd82ad4f4f21d34c,C:\FACULTATE\MAP\lab6_proiect\map224-catalindiana-lab6\src\main\resources\com\example\lab6\data\profile_pictures\default_user_profile.png
152,Gheorghe,Pana,gheorghe,4f7a150a0304431b07949d43a835f348,C:\FACULTATE\MAP\lab6_proiect\map224-catalindiana-lab6\src\main\resources\com\example\lab6\data\profile_pictures\default_user_profile.png
166,f,f,f,8fa14cdd754f91cc6554c9e71929cce7,C:\FACULTATE\MAP\lab6_proiect\map224-catalindiana-lab6\src\main\resources\com\example\lab6\data\profile_pictures\default_user_profile.png
2,c,c,c,4a8a08f09d37b73795649038408b5f33,C:\FACULTATE\MAP\lab6_proiect\map224-catalindiana-lab6\src\main\resources\com\example\lab6\data\profile_pictures\default_user_profile.png
158,Dan,Stoia,dan,32dcf0242da64a0d49e0d03761429301,C:\FACULTATE\MAP\lab6_proiect\map224-catalindiana-lab6\src\main\resources\com\example\lab6\data\profile_pictures\default_user_profile.png
141,Valeriu,David,valeriu,172522ec1028ab781d9dfd17eaca4427,C:\FACULTATE\MAP\lab6_proiect\map224-catalindiana-lab6\src\main\resources\com\example\lab6\data\profile_pictures\default_user_profile.png
150,Mihaela,Morega,mihaela,1b16a1fbd42bb051a71e99d9904eba12,C:\FACULTATE\MAP\lab6_proiect\map224-catalindiana-lab6\src\main\resources\com\example\lab6\data\profile_pictures\default_user_profile.png
1,b,b,b,92eb5ffee6ae2fec3ad71c777531578f,C:\FACULTATE\MAP\lab6_proiect\map224-catalindiana-lab6\src\main\resources\com\example\lab6\data\profile_pictures\default_user_profile.png
142,Razvan,Danulescu,razvan,e5c71474675da50f130585e63720aede,C:\FACULTATE\MAP\lab6_proiect\map224-catalindiana-lab6\src\main\resources\com\example\lab6\data\profile_pictures\default_user_profile.png
155,Dorin,Popa,dorin,de75daa73f5916ffad0bb0a1c4a8df0b,C:\FACULTATE\MAP\lab6_proiect\map224-catalindiana-lab6\src\main\resources\com\example\lab6\data\profile_pictures\default_user_profile.png
143,Sorin,Enache,sorin,5e4e97c04d7a9e79d8290da00d63d215,C:\FACULTATE\MAP\lab6_proiect\map224-catalindiana-lab6\src\main\resources\com\example\lab6\data\profile_pictures\default_user_profile.png
163,Dan,Popa,dan6,de75daa73f5916ffad0bb0a1c4a8df0b,C:\FACULTATE\MAP\lab6_proiect\map224-catalindiana-lab6\src\main\resources\com\example\lab6\data\profile_pictures\default_user_profile.png
136,Adrian,Baraboi,adrian,b60e0afd1d0ede3e16f165022f90d7c7,C:\FACULTATE\MAP\lab6_proiect\map224-catalindiana-lab6\src\main\resources\com\example\lab6\data\profile_pictures\default_user_profile.png
134,Mihai,Badic,mihai,7eb557a699c56ea9379b63d793430c55,C:\FACULTATE\MAP\lab6_proiect\map224-catalindiana-lab6\src\main\resources\com\example\lab6\data\profile_pictures\default_user_profile.png
145,Marian,Duta,marian,aee1339c54fe380ddf4e52f1106f532f,C:\FACULTATE\MAP\lab6_proiect\map224-catalindiana-lab6\src\main\resources\com\example\lab6\data\profile_pictures\default_user_profile.png
